{"global_step": 129000, "episodic_return": 14834.5, "episodic_revenue": 4349166, "_timestamp": 1688992512.0921028, "_runtime": 121.21146488189697, "_step": 556, "_wandb": {"runtime": 145}}