{"global_step": 500000, "episodic_return": 9370.0, "episodic_revenue": 10810158, "_timestamp": 1688983016.9045677, "_runtime": 404.6374638080597, "_step": 3092, "_wandb": {"runtime": 404}}