{"global_step": 108000, "episodic_return": 51.0, "episodic_revenue": 64884, "_timestamp": 1688814758.673164, "_runtime": 78.11363792419434, "_step": 77468}