{"global_step": 500000, "episodic_return": 181.5, "episodic_revenue": 237908, "_timestamp": 1688815286.3445568, "_runtime": 262.2684597969055, "_step": 371853, "_wandb": {"runtime": 264}}