{"global_step": 2466, "episodic_return": 34649.5, "episodic_revenue": 10867513, "_timestamp": 1688982145.195149, "_runtime": 141.1987328529358, "_step": 17, "_wandb": {"runtime": 144}}