{"global_step": 4530000, "episodic_return": -961.5, "episodic_revenue": 4321327, "quant_executed": 200, "_timestamp": 1688998721.3333147, "_runtime": 4199.229791641235, "_step": 34043, "_wandb": {"runtime": 4208}}