{"global_step": 129000, "episodic_return": 38172.0, "episodic_revenue": 10875413, "_timestamp": 1688990771.2913485, "_runtime": 82.42136144638062, "_step": 556, "_wandb": {"runtime": 102}}