{"global_step": 250000, "episodic_return": -16275.0, "episodic_revenue": 10766751, "_timestamp": 1688982513.9561224, "_runtime": 175.82538747787476, "_step": 1309, "_wandb": {"runtime": 207}}